image,x,y
sample.jpg,530.739685,506.007965
sample.jpg,530.739685,506.007965
